[
    {
        "name":"dumb",
        "wisdom":-20,
        "magic":-5,
        "weaknesses": [
            "intelligence",
            "deceit",
            "trap"
        ]
    },
    {
        "name":"entomophobic",
        "wisdom":-3,
        "weaknesses": [
            "insect",
            "arachnid"
        ]
    },
    {
        "name":"arachnophobic",
        "wisdom":-2,
        "weaknesses": [
            "arachnid"
        ]
    },
    {
        "name":"feeble",
        "strength":-10,
        "durability":-15,
        "agility":-3,
        "wisdom":2,
        "weaknesses": [
            "desease",
            "height"
        ]
    }
]